{"0": {"sap_score": 0.9101914167404175, "pcc": -0.973587989737317, "epochs": 200.0, "min_train_loss": 1.1787259640693664, "min_test_loss": 0.5410070419311523}, "1": {"sap_score": 0.6799851059913635, "pcc": 0.971008702993618, "epochs": 100.0, "min_train_loss": 0.7541890058517456, "min_test_loss": 0.5009461641311646}, "2": {"sap_score": 0.3558726906776428, "pcc": -0.6770234646123398, "epochs": 100.0, "min_train_loss": 0.5767430374622345, "min_test_loss": 0.3850584626197815}, "3": {"sap_score": 0.9177088737487793, "pcc": -0.9854426770745233, "epochs": 100.0, "min_train_loss": 0.1998411705493927, "min_test_loss": 0.12808223068714142}, "5": {"sap_score": 0.8342220783233643, "pcc": 0.9593334660209201, "epochs": 300.0, "min_train_loss": 2.034267376422882, "min_test_loss": 0.3328242599964142}, "6": {"sap_score": 0.3148990869522095, "pcc": 0.5864894182914897, "epochs": 400.0, "min_train_loss": 1.3417207021713258, "min_test_loss": 0.32168370485305786}, "7": {"sap_score": 0.8626513481140137, "pcc": -0.979598129090672, "epochs": 300.0, "min_train_loss": 2.163534869670868, "min_test_loss": 0.8126901388168335}, "8": {"sap_score": 0.5422061085700989, "pcc": -0.792693959117347, "epochs": 200.0, "min_train_loss": 3.5020896005630493, "min_test_loss": 1.4066182374954224}, "9": {"sap_score": 0.8122947812080383, "pcc": 0.9468856814672102, "epochs": 400.0, "min_train_loss": 0.9515934183597564, "min_test_loss": 0.1885252743959427}, "11": {"sap_score": 0.9503630995750427, "pcc": -0.993955144692648, "epochs": 300.0, "min_train_loss": 0.6914476406574249, "min_test_loss": 0.3258451819419861}, "12": {"sap_score": 0.9399739503860474, "pcc": 0.9745638382364786, "epochs": 400.0, "min_train_loss": 1.4086446251869202, "min_test_loss": 0.7690720558166504}, "13": {"sap_score": 0.5859658122062683, "pcc": 0.8180637999284049, "epochs": 100.0, "min_train_loss": 1.9303160905838013, "min_test_loss": 0.6768972873687744}, "14": {"sap_score": 0.8521837592124939, "pcc": -0.9656972668272675, "epochs": 100.0, "min_train_loss": 1.8583029899597168, "min_test_loss": 0.8933995366096497}, "15": {"sap_score": 0.725019097328186, "pcc": 0.980969240624407, "epochs": 300.0, "min_train_loss": 1.3112925620079041, "min_test_loss": 0.6006892323493958}, "16": {"sap_score": 0.9480451941490173, "pcc": 0.9921303106640184, "epochs": 300.0, "min_train_loss": 0.7180577328205109, "min_test_loss": 0.38278594613075256}, "17": {"sap_score": 0.35679447650909424, "pcc": -0.8700199759783083, "epochs": 100.0, "min_train_loss": 2.209360221862793, "min_test_loss": 1.1613247394561768}, "18": {"sap_score": 0.6744897365570068, "pcc": 0.8736096368289314, "epochs": 400.0, "min_train_loss": 1.4547648963928224, "min_test_loss": 0.28012335300445557}, "19": {"sap_score": 0.6965007185935974, "pcc": 0.8983804112690876, "epochs": 300.0, "min_train_loss": 2.5353334093093873, "min_test_loss": 0.5875988602638245}, "20": {"sap_score": 0.9309936165809631, "pcc": 0.9889000568984689, "epochs": 100.0, "min_train_loss": 1.0103895955085755, "min_test_loss": 0.4967655539512634}, "21": {"sap_score": 0.7533590197563171, "pcc": 0.9928613844295321, "epochs": 400.0, "min_train_loss": 0.17713555645942688, "min_test_loss": 0.12192818522453308}, "22": {"sap_score": 0.9568528532981873, "pcc": -0.9844778611922803, "epochs": 400.0, "min_train_loss": 1.1995982484817505, "min_test_loss": 0.6934235095977783}, "23": {"sap_score": 0.7786816358566284, "pcc": 0.9245642113487986, "epochs": 300.0, "min_train_loss": 0.8817295150756836, "min_test_loss": 0.6379134058952332}, "24": {"sap_score": 0.8750775456428528, "pcc": -0.94150412701504, "epochs": 400.0, "min_train_loss": 1.092305471420288, "min_test_loss": 0.5065450072288513}, "25": {"sap_score": 0.9472629427909851, "pcc": -0.9798111358220049, "epochs": 400.0, "min_train_loss": 1.0597354488372803, "min_test_loss": 0.6754699945449829}, "27": {"sap_score": 0.800886332988739, "pcc": 0.9948668260260315, "epochs": 300.0, "min_train_loss": 1.3666839103698731, "min_test_loss": 0.6457724571228027}, "28": {"sap_score": 0.9566271305084229, "pcc": 0.9904565296633218, "epochs": 400.0, "min_train_loss": 2.4441429562568664, "min_test_loss": 0.6219274997711182}, "29": {"sap_score": 0.31035172939300537, "pcc": -0.5908824199585894, "epochs": 100.0, "min_train_loss": 2.1393940963745117, "min_test_loss": 0.7506030201911926}, "31": {"sap_score": 0.4848520755767822, "pcc": 0.9812414243579177, "epochs": 100.0, "min_train_loss": 2.100021378993988, "min_test_loss": 0.5506251454353333}, "32": {"sap_score": 0.3175433874130249, "pcc": -0.5835329015005424, "epochs": 400.0, "min_train_loss": 1.3781584000587463, "min_test_loss": 0.4440918564796448}, "33": {"sap_score": 0.5516976118087769, "pcc": -0.7988497175306534, "epochs": 200.0, "min_train_loss": 2.0497808995246887, "min_test_loss": 0.196353480219841}}